risk_level,volatility,profit
0.05,0.012881258932919318,0.7091716538147785
0.1,0.01132129857090435,0.5111006676493928
0.15,0.013103667992072394,0.662468803806922
0.2,0.012505633604770045,0.517043230229618
0.4,0.01379758678497459,0.6384633819052377
0.6,0.012125406338178978,0.6589228720593774
0.8,0.012553733404074145,0.8202796426246857
1.0,0.011927457310947432,0.641365891556301
